date,estimator,RMSE,max_err,computation_time_per_step_ms,T,ts
2025/07/31 11:38:41,KF,0.14604370431139937,1.0861344021404382,0.047676494012056175,2.5,0.01
2025/07/31 11:38:41,EKF,0.03651581941444635,0.6115826133796229,0.11667250999967489,2.5,0.01
2025/07/31 11:38:41,LMHE1,0.14789083986636337,1.071486493585557,33.183210358590415,2.5,0.01
2025/07/31 11:38:41,LMHE2,0.049834361018139796,0.5290672594723178,34.23717808763615,2.5,0.01
2025/07/31 11:38:58,KF,0.1585083785863133,1.0837773532378308,0.04697490043602364,2.5,0.01
2025/07/31 11:38:58,EKF,0.030331619401832002,0.9931463287858802,0.116820717139997,2.5,0.01
2025/07/31 11:38:58,LMHE1,0.15574243492313336,1.0689809136625612,33.440409163330806,2.5,0.01
2025/07/31 11:38:58,LMHE2,0.038504019334881324,0.993239833212254,33.8131661354207,2.5,0.01
2025/07/31 11:39:15,KF,0.164976291807525,1.0773178939320656,0.047217529852395926,2.5,0.01
2025/07/31 11:39:15,EKF,0.03639015780079227,0.9459688371232104,0.11617250996085247,2.5,0.01
2025/07/31 11:39:15,LMHE1,0.16629343172331582,1.0717683161581397,33.402404382482146,2.5,0.01
2025/07/31 11:39:15,LMHE2,0.05089424184057181,0.9308941783018512,33.91195657372936,2.5,0.01
2025/07/31 11:39:32,KF,0.1601825546915589,1.0754999063821926,0.046678884448836076,2.5,0.01
2025/07/31 11:39:32,EKF,0.03146999769337003,0.758624503065899,0.11673545816438309,2.5,0.01
2025/07/31 11:39:32,LMHE1,0.1540033533766409,1.0734944966260893,33.33721035854674,2.5,0.01
2025/07/31 11:39:32,LMHE2,0.04220790248683218,0.671218966139644,33.43518565735173,2.5,0.01
2025/07/31 11:39:49,KF,0.1486977912476085,1.079298004403509,0.0470059760799817,2.5,0.01
2025/07/31 11:39:49,EKF,0.03375147721452426,0.9582771575397734,0.11695179279171955,2.5,0.01
2025/07/31 11:39:49,LMHE1,0.1451385979018317,1.1131668053235864,33.57977011948091,2.5,0.01
2025/07/31 11:39:49,LMHE2,0.03994643537710672,1.1126117513777227,33.96423824701507,2.5,0.01
2025/07/31 11:40:06,KF,0.16793575889986662,1.0844648589711354,0.04711713149319904,2.5,0.01
2025/07/31 11:40:06,EKF,0.02952550342284625,0.5269378868367686,0.11684940238548183,2.5,0.01
2025/07/31 11:40:06,LMHE1,0.1645274662903182,1.0807879163502907,33.56196533863533,2.5,0.01
2025/07/31 11:40:06,LMHE2,0.039593908086051295,0.4865305802697768,33.49544462145852,2.5,0.01
2025/07/31 11:40:23,KF,0.14938339453680266,1.1635718024255897,0.04704342627447039,2.5,0.01
2025/07/31 11:40:23,EKF,0.042700916510264246,1.1591902872535527,0.1165322708735888,2.5,0.01
2025/07/31 11:40:23,LMHE1,0.14479633368726758,1.163687382649362,33.854357768891404,2.5,0.01
2025/07/31 11:40:23,LMHE2,0.051697834865846004,1.1593785156196579,34.13574541836608,2.5,0.01
2025/07/31 11:40:40,KF,0.1490016183953591,1.0585640441658417,0.047858964129577415,2.5,0.01
2025/07/31 11:40:40,EKF,0.03278902983847651,0.8143939465040082,0.11656414345231471,2.5,0.01
2025/07/31 11:40:40,LMHE1,0.14579591045131324,1.135463321764402,33.646416733103095,2.5,0.01
2025/07/31 11:40:40,LMHE2,0.04081254800137119,0.8040372270821673,33.900314741000344,2.5,0.01
2025/07/31 11:40:57,KF,0.13591266301178276,1.0570982996582574,0.04698685260231707,2.5,0.01
2025/07/31 11:40:57,EKF,0.03284837295946836,0.6236800800193577,0.11663625497543494,2.5,0.01
2025/07/31 11:40:57,LMHE1,0.1328137435522063,1.0386588090692623,33.383139840638414,2.5,0.01
2025/07/31 11:40:57,LMHE2,0.04640467486886444,0.7110433105291263,33.50702310755545,2.5,0.01
2025/07/31 11:41:14,KF,0.14723671373828548,1.0659539112994614,0.047137848608496326,2.5,0.01
2025/07/31 11:41:14,EKF,0.03405536906872941,0.6828888457648143,0.11716095616566054,2.5,0.01
2025/07/31 11:41:14,LMHE1,0.14662450148738423,1.0483981872523187,33.394524302802964,2.5,0.01
2025/07/31 11:41:14,LMHE2,0.04715809075203236,0.7701241204360127,34.013590836652604,2.5,0.01
2025/07/31 11:43:29,KF,0.1527123588932064,1.0730959756554275,0.048239043864154396,2.5,0.01
2025/07/31 11:43:29,EKF,0.030423852238300304,0.778482783007371,0.118613545852435,2.5,0.01
2025/07/31 11:43:29,LMHE1,0.14870483590565206,1.0681757038924293,33.267194023949514,2.5,0.01
2025/07/31 11:43:29,LMHE2,0.03541684251708321,0.7815013278202492,34.28219003981792,2.5,0.01
2025/07/31 11:43:46,KF,0.16985639973498182,1.091172685531613,0.04701195216312841,2.5,0.01
2025/07/31 11:43:46,EKF,0.028992149458968376,0.5038955688073322,0.11692430283243498,2.5,0.01
2025/07/31 11:43:46,LMHE1,0.16542683472398043,1.0900882986266076,33.660882071740794,2.5,0.01
2025/07/31 11:43:46,LMHE2,0.038081071559532345,0.5380417810479097,33.45427529885669,2.5,0.01
2025/07/31 11:44:03,KF,0.14661312821362948,1.0755891900943872,0.0474788844529762,2.5,0.01
2025/07/31 11:44:03,EKF,0.027805787569115226,0.6209113859511339,0.11730398409962803,2.5,0.01
2025/07/31 11:44:03,LMHE1,0.14303662758823943,1.0658783559093228,33.3209657370585,2.5,0.01
2025/07/31 11:44:03,LMHE2,0.040468927204305824,0.5357415336401641,33.40539482071536,2.5,0.01
2025/07/31 11:44:20,KF,0.14240939286200208,1.6866396158981052,0.047345019935396505,2.5,0.01
2025/07/31 11:44:20,EKF,0.046856442859127184,1.6875383993893112,0.11857051798420776,2.5,0.01
2025/07/31 11:44:20,LMHE1,0.1406864204807549,1.5344135631787896,33.771462549802855,2.5,0.01
2025/07/31 11:44:20,LMHE2,0.05660438551373384,1.5348787386813418,33.7756203187317,2.5,0.01
2025/07/31 11:44:37,KF,0.1662710527279947,1.0724600676437297,0.04720358569703744,2.5,0.01
2025/07/31 11:44:37,EKF,0.05094121657559663,0.9326825438387346,0.11680876491572782,2.5,0.01
2025/07/31 11:44:37,LMHE1,0.16549531907867596,1.1563411684197433,33.22468685258488,2.5,0.01
2025/07/31 11:44:37,LMHE2,0.0647533684455871,0.934896254512637,33.6881354581625,2.5,0.01
2025/07/31 11:44:54,KF,0.16713909319255363,1.0887927067739818,0.047307968150315974,2.5,0.01
2025/07/31 11:44:54,EKF,0.037669214357919055,0.9193632345310571,0.1179159362545326,2.5,0.01
2025/07/31 11:44:54,LMHE1,0.1629706858043158,1.086212929083209,33.56722071713516,2.5,0.01
2025/07/31 11:44:54,LMHE2,0.04534529757592156,0.9448245867955639,33.355437848643696,2.5,0.01
2025/07/31 11:45:10,KF,0.15834380977680987,1.076386194925334,0.04744183266789567,2.5,0.01
2025/07/31 11:45:10,EKF,0.03845457412604007,0.9163923687988037,0.11753227089325789,2.5,0.01
2025/07/31 11:45:10,LMHE1,0.15908053605293127,1.304079261540383,33.452572908326225,2.5,0.01
2025/07/31 11:45:10,LMHE2,0.051580524284285716,0.8465349937821779,33.540886454203026,2.5,0.01
2025/07/31 11:45:27,KF,0.1513615719679169,1.0824411787879151,0.04734541828682891,2.5,0.01
2025/07/31 11:45:27,EKF,0.031051138245474424,0.7782749891367668,0.11749163348147965,2.5,0.01
2025/07/31 11:45:27,LMHE1,0.14913086770926898,1.0789885366451695,33.46452071716168,2.5,0.01
2025/07/31 11:45:27,LMHE2,0.04035059768122208,0.7492607965189564,33.57672908365869,2.5,0.01
2025/07/31 11:45:44,KF,0.14817509267672868,1.0588731351181717,0.04734023902249853,2.5,0.01
2025/07/31 11:45:44,EKF,0.034945320198287846,0.7711787204030108,0.11748804785478192,2.5,0.01
2025/07/31 11:45:44,LMHE1,0.14630016909022592,1.0547811908626838,33.598752191257326,2.5,0.01
2025/07/31 11:45:44,LMHE2,0.04507800882986065,0.7446389889924315,33.69435697205623,2.5,0.01
2025/07/31 11:46:01,KF,0.15858286566510404,1.085292995952905,0.04778047805592655,2.5,0.01
2025/07/31 11:46:01,EKF,0.02484420654103866,0.44595627517964587,0.11754342629871076,2.5,0.01
2025/07/31 11:46:01,LMHE1,0.1530532967611852,1.0738153529819063,33.4779593625233,2.5,0.01
2025/07/31 11:46:01,LMHE2,0.02868016729134892,0.42021450123615695,33.76390478084192,2.5,0.01
2025/07/31 11:46:19,KF,0.1730027016101393,1.0926689411825072,0.04838286850098669,2.5,0.01
2025/07/31 11:46:19,EKF,0.027241760292847958,0.46821980169581523,0.11788764936048018,2.5,0.01
2025/07/31 11:46:19,LMHE1,0.16769553715834354,1.0903602218911446,35.09010438244016,2.5,0.01
2025/07/31 11:46:19,LMHE2,0.04054651016825064,0.4995279639442396,34.328797211153045,2.5,0.01
2025/07/31 11:46:36,KF,0.16233165267837765,1.0806155904379622,0.0485796812992261,2.5,0.01
2025/07/31 11:46:36,EKF,0.03947017438073616,0.8588828011162716,0.12299482071998555,2.5,0.01
2025/07/31 11:46:36,LMHE1,0.16127364773750766,1.3647833040452073,34.295052191230056,2.5,0.01
2025/07/31 11:46:36,LMHE2,0.057198827524230174,0.9012901957569546,34.11970677291854,2.5,0.01
2025/07/31 11:46:54,KF,0.14286082521574192,1.0760996164588879,0.04721235058806555,2.5,0.01
2025/07/31 11:46:54,EKF,0.0297499526792526,0.5619955300602775,0.11856055774900365,2.5,0.01
2025/07/31 11:46:54,LMHE1,0.1413444326277744,1.0665726066601298,34.487916334635166,2.5,0.01
2025/07/31 11:46:54,LMHE2,0.038961518413968714,0.5660853822425034,36.62788685257231,2.5,0.01
2025/07/31 11:47:11,KF,0.16941028580536882,1.0807273867298919,0.05488525894034535,2.5,0.01
2025/07/31 11:47:11,EKF,0.03495000985587997,0.7368799519612215,0.12478406374775007,2.5,0.01
2025/07/31 11:47:11,LMHE1,0.16665801590698076,1.0773776463145766,34.654238645429814,2.5,0.01
2025/07/31 11:47:11,LMHE2,0.041797450425183014,0.7503631930210781,35.63691075695066,2.5,0.01
2025/07/31 11:47:28,KF,0.166180413168683,1.0801139514972797,0.05488764939679434,2.5,0.01
2025/07/31 11:47:28,EKF,0.03750023166754234,0.9750066023582135,0.1315446215124237,2.5,0.01
2025/07/31 11:47:28,LMHE1,0.16506898482917462,1.3411505820099698,33.975410358588384,2.5,0.01
2025/07/31 11:47:28,LMHE2,0.05126224212675518,0.9470487588506848,33.74059163343553,2.5,0.01
2025/07/31 11:47:45,KF,0.1459799588277053,1.064349067022284,0.050436254995188626,2.5,0.01
2025/07/31 11:47:45,EKF,0.03837628696808917,0.6947577229259125,0.1215294821060771,2.5,0.01
2025/07/31 11:47:45,LMHE1,0.1454026506663685,1.2787235098223069,33.74598645418465,2.5,0.01
2025/07/31 11:47:45,LMHE2,0.05064725403653102,0.7450370503358853,33.65223187247321,2.5,0.01
2025/07/31 11:48:03,KF,0.1700532854592432,1.0867884134030292,0.05898685260644309,2.5,0.01
2025/07/31 11:48:03,EKF,0.03286595462556461,0.703874550068633,0.12335179282484049,2.5,0.01
2025/07/31 11:48:03,LMHE1,0.1660253931025215,1.0849627964402506,36.45471394424043,2.5,0.01
2025/07/31 11:48:03,LMHE2,0.04261921706828872,0.774139646725902,33.75624940238765,2.5,0.01
2025/07/31 11:48:20,KF,0.15968581517768998,1.1460659287987442,0.04875896414148202,2.5,0.01
2025/07/31 11:48:20,EKF,0.03513670287824251,1.1489511335472031,0.1196741035803633,2.5,0.01
2025/07/31 11:48:20,LMHE1,0.15781307022963212,1.1461794690086495,33.13180039842257,2.5,0.01
2025/07/31 11:48:20,LMHE2,0.046991821824613776,1.1492305145303836,33.45433306775707,2.5,0.01
2025/07/31 11:48:37,KF,0.15042042187755206,1.0768927393758132,0.04689880481882177,2.5,0.01
2025/07/31 11:48:37,EKF,0.03586263695485878,0.9436627583775341,0.11670318723422479,2.5,0.01
2025/07/31 11:48:37,LMHE1,0.148771628946005,1.066636040408825,33.15692071716414,2.5,0.01
2025/07/31 11:48:37,LMHE2,0.04986845329895349,0.9326557576017122,33.38391155380648,2.5,0.01
2025/07/31 11:48:53,KF,0.15205399324936286,1.075680493413286,0.04697569725483997,2.5,0.01
2025/07/31 11:48:53,EKF,0.025486869659105217,0.3225438181042575,0.11711035857665393,2.5,0.01
2025/07/31 11:48:53,LMHE1,0.14751628048322282,1.06232263325399,33.17941752989661,2.5,0.01
2025/07/31 11:48:53,LMHE2,0.031712803570828146,0.32000223075924406,33.394050597611155,2.5,0.01
2025/07/31 11:49:10,KF,0.1493506419292433,1.0753409000610468,0.04815378488854049,2.5,0.01
2025/07/31 11:49:10,EKF,0.031271628953354155,0.43416772115514013,0.12138525894388512,2.5,0.01
2025/07/31 11:49:10,LMHE1,0.14613994714827203,1.0608999262911643,33.25406892435714,2.5,0.01
2025/07/31 11:49:10,LMHE2,0.036528173145350167,0.4297749444377129,33.83719681272148,2.5,0.01
2025/07/31 11:49:27,KF,0.1306360525703641,1.0713738192669098,0.04719601597625807,2.5,0.01
2025/07/31 11:49:27,EKF,0.03863119319399237,0.7968833470168698,0.11691274895959819,2.5,0.01
2025/07/31 11:49:27,LMHE1,0.13227918492565302,1.0578798500721878,33.29564382466376,2.5,0.01
2025/07/31 11:49:27,LMHE2,0.05584433112951765,0.7968175098799182,33.33809760957353,2.5,0.01
2025/07/31 11:49:44,KF,0.16036371001392938,1.0813048519503168,0.04695697212860775,2.5,0.01
2025/07/31 11:49:44,EKF,0.03564695314350297,0.9848445851207822,0.11712709159786958,2.5,0.01
2025/07/31 11:49:44,LMHE1,0.1562779897791085,1.0790825472912302,33.43212270918599,2.5,0.01
2025/07/31 11:49:44,LMHE2,0.04332828805906515,0.9897845775402931,33.42706852592992,2.5,0.01
2025/07/31 11:50:01,KF,0.13648815084707236,1.0630414630309795,0.04706095617247812,2.5,0.01
2025/07/31 11:50:01,EKF,0.03167034222984734,0.6161136693563273,0.11691553782545534,2.5,0.01
2025/07/31 11:50:01,LMHE1,0.13557788617607525,1.0506571535511389,33.269814741034786,2.5,0.01
2025/07/31 11:50:01,LMHE2,0.04524707566845021,0.6476776216340498,33.282109960149306,2.5,0.01
2025/07/31 11:50:17,KF,0.13781728607470764,1.074576326141256,0.04764621512893869,2.5,0.01
2025/07/31 11:50:17,EKF,0.03664286151192905,0.4847485784935916,0.11741713150191042,2.5,0.01
2025/07/31 11:50:17,LMHE1,0.1367920690738154,1.0628968782791022,33.2279780876602,2.5,0.01
2025/07/31 11:50:17,LMHE2,0.052704255779718844,0.7367833007578319,33.46689282868946,2.5,0.01
2025/07/31 11:50:34,KF,0.15928701642083104,1.0809212831617772,0.04726733068056197,2.5,0.01
2025/07/31 11:50:34,EKF,0.03181329239968268,0.7054823501934792,0.11651474103355684,2.5,0.01
2025/07/31 11:50:34,LMHE1,0.15619506768040844,1.0654105152554485,33.40085537853025,2.5,0.01
2025/07/31 11:50:34,LMHE2,0.040632795253917935,0.7091726012920742,33.451809960165136,2.5,0.01
2025/07/31 11:50:51,KF,0.13777758540248813,1.0730723994559277,0.04764302785367337,2.5,0.01
2025/07/31 11:50:51,EKF,0.02857887617723866,0.7044945834033339,0.1167513943667824,2.5,0.01
2025/07/31 11:50:51,LMHE1,0.13206352933594667,1.056668298875477,33.11050756970342,2.5,0.01
2025/07/31 11:50:51,LMHE2,0.03407278755137654,0.7047700699914514,33.20852111552172,2.5,0.01
2025/07/31 11:51:08,KF,0.14863616494616194,1.0781886750441292,0.047787251015865354,2.5,0.01
2025/07/31 11:51:08,EKF,0.033492102785903546,0.8689453342830122,0.11861952193558171,2.5,0.01
2025/07/31 11:51:08,LMHE1,0.1461143582519372,1.0652621147453558,33.40197131476009,2.5,0.01
2025/07/31 11:51:08,LMHE2,0.045389835237201595,0.9431248191302914,33.374245418316825,2.5,0.01
2025/07/31 11:51:25,KF,0.15250029675386723,1.0748205867564942,0.04751792828509755,2.5,0.01
2025/07/31 11:51:25,EKF,0.03396115712672969,1.04793206951876,0.12070239043610906,2.5,0.01
2025/07/31 11:51:25,LMHE1,0.14949999627523683,1.173218585245601,33.422629880455446,2.5,0.01
2025/07/31 11:51:25,LMHE2,0.04203096626730518,1.0968283820987963,33.46053505976373,2.5,0.01
2025/07/31 11:51:41,KF,0.1574353296420875,1.0809882526986108,0.04863984059807715,2.5,0.01
2025/07/31 11:51:41,EKF,0.03305545374246236,0.7262551614352813,0.11764223107825074,2.5,0.01
2025/07/31 11:51:41,LMHE1,0.15488014006751735,1.0700062849475447,33.18339282864996,2.5,0.01
2025/07/31 11:51:41,LMHE2,0.03998856527106685,0.7255479102304254,33.13344541828814,2.5,0.01
2025/07/31 11:52:00,KF,0.16525657447718572,1.0784046252576587,0.047248605612305504,2.5,0.01
2025/07/31 11:52:00,EKF,0.03816693760011362,0.9572987216139545,0.11707848605590379,2.5,0.01
2025/07/31 11:52:00,LMHE1,0.16270027393500544,1.075612701491807,33.14879003982245,2.5,0.01
2025/07/31 11:52:00,LMHE2,0.05030634933266342,0.9606286984277543,40.15662310758849,2.5,0.01
2025/07/31 11:52:21,KF,0.12837989318157078,1.0650662504813233,0.0723721115711698,2.5,0.01
2025/07/31 11:52:21,EKF,0.029864170959295583,0.8020908457236395,0.1765179282714765,2.5,0.01
2025/07/31 11:52:21,LMHE1,0.12453564918952216,1.0465701279192894,47.45865896410509,2.5,0.01
2025/07/31 11:52:21,LMHE2,0.03685492827531226,0.8068758943121572,37.522137051842925,2.5,0.01
2025/07/31 11:52:39,KF,0.1465373405010799,1.0763539779404285,0.05148406373800717,2.5,0.01
2025/07/31 11:52:39,EKF,0.03729044808063859,0.993188574552529,0.1258581673375802,2.5,0.01
2025/07/31 11:52:39,LMHE1,0.14760220689588943,1.303512175935758,35.00255458165921,2.5,0.01
2025/07/31 11:52:39,LMHE2,0.053361532574893525,0.8589206930546861,33.818319521865725,2.5,0.01
2025/07/31 11:52:56,KF,0.14551701808043468,1.0622648508740185,0.06014063744017283,2.5,0.01
2025/07/31 11:52:56,EKF,0.02999562973010756,0.5184512807032702,0.13160318728959358,2.5,0.01
2025/07/31 11:52:56,LMHE1,0.14268194775183948,1.055863939783929,33.948729482080054,2.5,0.01
2025/07/31 11:52:56,LMHE2,0.038897125757915346,0.4346667477409134,33.953919920310156,2.5,0.01
2025/07/31 11:53:13,KF,0.1683040040429033,1.0897828437344383,0.04983266932190399,2.5,0.01
2025/07/31 11:53:13,EKF,0.03829374738817864,1.001096466330922,0.1271860557492355,2.5,0.01
2025/07/31 11:53:13,LMHE1,0.16935100500548939,1.2582001092933806,34.87868844617281,2.5,0.01
2025/07/31 11:53:13,LMHE2,0.05855093536460765,1.006371576599951,34.69567848604861,2.5,0.01
2025/07/31 11:53:31,KF,0.14584001067929062,1.067470797046442,0.04899641435149968,2.5,0.01
2025/07/31 11:53:31,EKF,0.041726053588928655,1.0382742636300037,0.127018725073273,2.5,0.01
2025/07/31 11:53:31,LMHE1,0.14368150745437047,1.2061222742769515,38.15497689246408,2.5,0.01
2025/07/31 11:53:31,LMHE2,0.054065325679434145,1.2041300736925913,34.310438246994956,2.5,0.01
2025/07/31 11:53:49,KF,0.1335153712532221,1.0535380471191762,0.0493665339088483,2.5,0.01
2025/07/31 11:53:49,EKF,0.026838445701231204,0.4023492804807672,0.12362709163875502,2.5,0.01
2025/07/31 11:53:49,LMHE1,0.1293078265810078,1.0327190084273377,34.358018326683926,2.5,0.01
2025/07/31 11:53:49,LMHE2,0.034851355249630046,0.4361070999769996,34.53455856570833,2.5,0.01
2025/07/31 11:54:07,KF,0.13666406774102777,1.0666928853803874,0.05128804781655985,2.5,0.01
2025/07/31 11:54:07,EKF,0.031430258165928524,0.8531661138151846,0.1302107570176217,2.5,0.01
2025/07/31 11:54:07,LMHE1,0.1352214984197956,1.0498065671408245,35.62563147411618,2.5,0.01
2025/07/31 11:54:07,LMHE2,0.04360249356408056,0.7744916522798483,37.58248804782729,2.5,0.01
2025/07/31 11:54:25,KF,0.14673185401311256,1.0783858066335572,0.049327888428159355,2.5,0.01
2025/07/31 11:54:25,EKF,0.03746079639434079,0.9398189469535684,0.12728764939463263,2.5,0.01
2025/07/31 11:54:25,LMHE1,0.14538309110192796,1.062470774529464,34.65089641435608,2.5,0.01
2025/07/31 11:54:25,LMHE2,0.050395646289021295,1.0313981105344368,33.98222310752172,2.5,0.01
2025/07/31 11:54:42,KF,0.14926933875903306,1.072472200463721,0.05043784863282129,2.5,0.01
2025/07/31 11:54:42,EKF,0.02924863916442683,0.8866280935147213,0.12346055772363308,2.5,0.01
2025/07/31 11:54:42,LMHE1,0.1467039083729009,1.0621054377649204,34.02352071714131,2.5,0.01
2025/07/31 11:54:42,LMHE2,0.03684429263391749,0.9695323040761241,33.98433625502132,2.5,0.01
2025/07/31 11:54:59,KF,0.15052897073819463,1.0858306937431488,0.05448685260489583,2.5,0.01
2025/07/31 11:54:59,EKF,0.0256063781216026,0.5738237585333523,0.13317250994737242,2.5,0.01
2025/07/31 11:54:59,LMHE1,0.14537362483933747,1.0759695427012603,33.86036095616873,2.5,0.01
2025/07/31 11:54:59,LMHE2,0.031030816694406455,0.4616954268497522,34.493237051756154,2.5,0.01
2025/07/31 11:55:16,KF,0.15117259736608046,1.0690421419911347,0.06987131473216862,2.5,0.01
2025/07/31 11:55:16,EKF,0.033501466732224275,0.8470491993835637,0.17116135453566003,2.5,0.01
2025/07/31 11:55:16,LMHE1,0.14696742425845724,1.054657044458429,34.49589203187659,2.5,0.01
2025/07/31 11:55:16,LMHE2,0.04082806539080917,0.8508023791341023,33.9193649402058,2.5,0.01
2025/07/31 11:55:33,KF,0.16245208480258008,1.0801052873503159,0.051292828729457826,2.5,0.01
2025/07/31 11:55:33,EKF,0.034735021708552784,0.9180523554926515,0.12159123504256081,2.5,0.01
2025/07/31 11:55:33,LMHE1,0.1600023961696266,1.0779827103066888,34.05494621517257,2.5,0.01
2025/07/31 11:55:33,LMHE2,0.048421675577112334,0.8573332687711441,34.13549083666746,2.5,0.01
2025/07/31 11:55:50,KF,0.16986251355079604,1.116204926710352,0.049384462158288435,2.5,0.01
2025/07/31 11:55:50,EKF,0.03463581299206488,0.5946667760352243,0.1256247012216442,2.5,0.01
2025/07/31 11:55:50,LMHE1,0.16970340129214148,1.3500146017637962,34.00271394418968,2.5,0.01
2025/07/31 11:55:50,LMHE2,0.047328066672280684,0.6468291736795161,33.698111553794696,2.5,0.01
2025/07/31 11:56:07,KF,0.16530658694929373,1.1363576650285203,0.05028446211221728,2.5,0.01
2025/07/31 11:56:07,EKF,0.04040478033249171,1.1364383621384824,0.12721235059624708,2.5,0.01
2025/07/31 11:56:07,LMHE1,0.1638266006336572,1.3390233246922265,33.843654581712954,2.5,0.01
2025/07/31 11:56:07,LMHE2,0.05473267862577229,1.1423921390251506,33.8553589641393,2.5,0.01
2025/07/31 11:56:25,KF,0.15169049412336635,1.081428294118535,0.05005816736562823,2.5,0.01
2025/07/31 11:56:25,EKF,0.033406113172698246,0.5477704891325405,0.12672749005695916,2.5,0.01
2025/07/31 11:56:25,LMHE1,0.14864216414934622,1.0674326090339534,34.69022231077241,2.5,0.01
2025/07/31 11:56:25,LMHE2,0.04260439994609539,0.5737233097740256,33.80467051795992,2.5,0.01
2025/07/31 11:56:42,KF,0.15956048550254068,1.0736860736384273,0.05214302791319639,2.5,0.01
2025/07/31 11:56:42,EKF,0.030146674483525655,0.736368895153337,0.13406494023849766,2.5,0.01
2025/07/31 11:56:42,LMHE1,0.15522781055004725,1.071150093444627,33.934623904413066,2.5,0.01
2025/07/31 11:56:42,LMHE2,0.036619782406281,0.77345500993317,33.97764422309509,2.5,0.01
2025/07/31 11:56:59,KF,0.13145322077813462,1.064274723137808,0.05107011955159074,2.5,0.01
2025/07/31 11:56:59,EKF,0.03511308390355325,0.974002685202968,0.12716414346368946,2.5,0.01
2025/07/31 11:56:59,LMHE1,0.12918400464231208,1.0731883547381225,34.14371553787579,2.5,0.01
2025/07/31 11:56:59,LMHE2,0.04449965793023492,0.979248700868504,33.854702390420556,2.5,0.01
2025/07/31 11:57:16,KF,0.1488457221736794,1.0814001297494504,0.051751394421734154,2.5,0.01
2025/07/31 11:57:16,EKF,0.03081322867054107,0.5815414333985708,0.12040478086926458,2.5,0.01
2025/07/31 11:57:16,LMHE1,0.14555478971045294,1.0638773701703572,34.141948207191554,2.5,0.01
2025/07/31 11:57:16,LMHE2,0.03679253743657267,0.530813671963691,34.10907091629233,2.5,0.01
2025/07/31 11:57:33,KF,0.14472870327392465,1.0734915889525547,0.049113147438455566,2.5,0.01
2025/07/31 11:57:33,EKF,0.03624428875822077,0.9687903751442514,0.12153346614218298,2.5,0.01
2025/07/31 11:57:33,LMHE1,0.14145162399720523,1.0567056305194482,33.99642948207327,2.5,0.01
2025/07/31 11:57:33,LMHE2,0.04467735597591698,0.9275062817039412,34.17692390438429,2.5,0.01
2025/07/31 11:57:50,KF,0.14249976073965828,1.2867862585592236,0.05007250998837064,2.5,0.01
2025/07/31 11:57:50,EKF,0.03641637116569875,1.286143329848858,0.1303450198866338,2.5,0.01
2025/07/31 11:57:50,LMHE1,0.1405943094707616,1.1409684296068006,34.00376972112066,2.5,0.01
2025/07/31 11:57:50,LMHE2,0.04620843400577451,1.1398292215853054,33.967468127505335,2.5,0.01
2025/07/31 11:58:08,KF,0.14761817938570276,1.1175472700320652,0.050283266941968545,2.5,0.01
2025/07/31 11:58:08,EKF,0.03065063777634718,1.1176188194863053,0.12614780877423715,2.5,0.01
2025/07/31 11:58:08,LMHE1,0.14486257488603574,1.1232688337642416,36.114624701208434,2.5,0.01
2025/07/31 11:58:08,LMHE2,0.03978176252902254,1.1233348448643312,34.746898007968746,2.5,0.01
2025/07/31 11:58:25,KF,0.17631570864400473,1.0971104728335286,0.04916095621958078,2.5,0.01
2025/07/31 11:58:25,EKF,0.0448542097908453,1.0731535100805034,0.12233665336361266,2.5,0.01
2025/07/31 11:58:25,LMHE1,0.1763388554370062,1.2894857796327233,34.42419243028454,2.5,0.01
2025/07/31 11:58:25,LMHE2,0.05987699623741203,1.1258938706939627,33.971374502010825,2.5,0.01
2025/07/31 11:58:43,KF,0.1528463257831728,1.076483919142888,0.0490697211028444,2.5,0.01
2025/07/31 11:58:43,EKF,0.038573970730349925,0.6669782040759049,0.1255561753252217,2.5,0.01
2025/07/31 11:58:43,LMHE1,0.15375773077358326,1.0627883711897477,34.09690557771726,2.5,0.01
2025/07/31 11:58:43,LMHE2,0.0568897283579141,0.7986234888678265,33.89406494021256,2.5,0.01
2025/07/31 11:59:00,KF,0.1509256507116572,1.0753835097839635,0.04880079683946052,2.5,0.01
2025/07/31 11:59:00,EKF,0.03410208347490588,0.7242635866716913,0.12522788840787583,2.5,0.01
2025/07/31 11:59:00,LMHE1,0.14671677158210675,1.0655234820368789,33.828864143433165,2.5,0.01
2025/07/31 11:59:00,LMHE2,0.040841461631191296,0.6905438810448115,33.783929880506236,2.5,0.01
2025/07/31 11:59:17,KF,0.15699841431581588,1.0821958628139683,0.049244223090178105,2.5,0.01
2025/07/31 11:59:17,EKF,0.03298424605742299,0.6482541714065352,0.1250944222997043,2.5,0.01
2025/07/31 11:59:17,LMHE1,0.15246408980232878,1.0732069509494004,33.889861753017016,2.5,0.01
2025/07/31 11:59:17,LMHE2,0.039315728786169964,0.6497351260265851,34.61991474104292,2.5,0.01
2025/07/31 11:59:34,KF,0.156951629424537,1.0799693389328588,0.04846932270482509,2.5,0.01
2025/07/31 11:59:34,EKF,0.03728447691945721,0.6863982238521297,0.12447649400367725,2.5,0.01
2025/07/31 11:59:34,LMHE1,0.15561567321925857,1.061573662713776,34.15847729085212,2.5,0.01
2025/07/31 11:59:34,LMHE2,0.04797787725593559,0.7588514930770346,33.738141035834104,2.5,0.01
2025/07/31 11:59:51,KF,0.1398536696561993,1.0741749087547836,0.055992031869741964,2.5,0.01
2025/07/31 11:59:51,EKF,0.03661732094574801,0.5951721773493439,0.12216175302484655,2.5,0.01
2025/07/31 11:59:51,LMHE1,0.1385610077467263,1.0629563549952894,33.94372589641299,2.5,0.01
2025/07/31 11:59:51,LMHE2,0.0491200512777039,0.6698848213389768,34.08690597610391,2.5,0.01
2025/07/31 12:00:08,KF,0.16725349677527857,1.0913034649109403,0.048913944241742925,2.5,0.01
2025/07/31 12:00:08,EKF,0.025099502707718522,0.36282760925193536,0.12427091637238548,2.5,0.01
2025/07/31 12:00:08,LMHE1,0.16229782012742297,1.0896403321485646,33.97681872512073,2.5,0.01
2025/07/31 12:00:08,LMHE2,0.03319722635087614,0.42355642508772995,34.29290756967709,2.5,0.01
2025/07/31 12:00:25,KF,0.1617299909697736,1.157140417153962,0.049244223090178105,2.5,0.01
2025/07/31 12:00:25,EKF,0.050484611052367456,1.1579239913236945,0.12478207170070925,2.5,0.01
2025/07/31 12:00:25,LMHE1,0.16640591313680614,1.6180836230131272,34.065200398368596,2.5,0.01
2025/07/31 12:00:25,LMHE2,0.07376143699177394,1.205450269155458,33.55726653390445,2.5,0.01
2025/07/31 12:00:42,KF,0.1641048446331759,1.087327161515617,0.04973984062551072,2.5,0.01
2025/07/31 12:00:42,EKF,0.03645339206298318,0.9352715611614537,0.12473505979637611,2.5,0.01
2025/07/31 12:00:42,LMHE1,0.16008921469632878,1.0856289062061928,33.63546772905907,2.5,0.01
2025/07/31 12:00:42,LMHE2,0.049528869618229984,1.0545462755078372,33.816872908378045,2.5,0.01
2025/07/31 12:00:59,KF,0.16621857043710067,1.091491598621823,0.048862151366536065,2.5,0.01
2025/07/31 12:00:59,EKF,0.03126510700772061,0.6524104172347168,0.12518286855058353,2.5,0.01
2025/07/31 12:00:59,LMHE1,0.1600200771868496,1.0899089721406305,33.8563139442437,2.5,0.01
2025/07/31 12:00:59,LMHE2,0.042815776365929,0.6032136999843325,33.70244462147171,2.5,0.01
2025/07/31 12:01:16,KF,0.1614753182255517,1.078473831161864,0.049477290854681714,2.5,0.01
2025/07/31 12:01:16,EKF,0.030223111092609167,0.7265977034473947,0.12458685259807825,2.5,0.01
2025/07/31 12:01:16,LMHE1,0.1569518047167802,1.076201373662965,34.26344940240357,2.5,0.01
2025/07/31 12:01:16,LMHE2,0.03547191917833648,0.7305521327701969,33.88785577689453,2.5,0.01
2025/07/31 12:01:33,KF,0.1486927270750253,1.078728344210622,0.0551167330672163,2.5,0.01
2025/07/31 12:01:33,EKF,0.03194799498988999,0.49813568013264276,0.12251553785443618,2.5,0.01
2025/07/31 12:01:33,LMHE1,0.15236891248381199,1.1315862117133921,33.6823163346983,2.5,0.01
2025/07/31 12:01:33,LMHE2,0.057148444897192216,0.7585217169687133,33.75362749007415,2.5,0.01
2025/07/31 12:01:51,KF,0.14750610152103052,1.0617412657314318,0.050641832626480386,2.5,0.01
2025/07/31 12:01:51,EKF,0.0360364471115666,0.9650157476425516,0.12806414341761832,2.5,0.01
2025/07/31 12:01:51,LMHE1,0.145711895863404,1.0938152851751475,33.9209916334705,2.5,0.01
2025/07/31 12:01:51,LMHE2,0.045052275073659616,1.094075746602002,34.093825498004946,2.5,0.01
2025/07/31 12:02:08,KF,0.16621811158161776,1.0817304241223373,0.05074143428281246,2.5,0.01
2025/07/31 12:02:08,EKF,0.03239176535692429,0.6298828088898487,0.12337011954166455,2.5,0.01
2025/07/31 12:02:08,LMHE1,0.162143557813402,1.0769254957885546,33.959401593672524,2.5,0.01
2025/07/31 12:02:08,LMHE2,0.03952998004553641,0.5170636646334056,33.66988964146467,2.5,0.01
2025/07/31 12:02:25,KF,0.1743314302044892,1.0927488174936901,0.051957370520409836,2.5,0.01
2025/07/31 12:02:25,EKF,0.027107387358310336,0.5940221720971566,0.1272653386417027,2.5,0.01
2025/07/31 12:02:25,LMHE1,0.16935720634919607,1.0914185499608762,34.81119322712047,2.5,0.01
2025/07/31 12:02:25,LMHE2,0.03855212003527263,0.479548526122612,33.67683187252805,2.5,0.01
2025/07/31 12:02:42,KF,0.16024026285299886,1.1736450161128043,0.04912310755770817,2.5,0.01
2025/07/31 12:02:42,EKF,0.03237227930755585,1.172445914669599,0.12739083661968667,2.5,0.01
2025/07/31 12:02:42,LMHE1,0.15777948462268956,1.1803581084600365,33.71185856577718,2.5,0.01
2025/07/31 12:02:42,LMHE2,0.04382726890490532,1.1791545448502747,33.87891912346556,2.5,0.01
2025/07/31 12:02:59,KF,0.16147136320142852,1.072682775091259,0.051721513948024836,2.5,0.01
2025/07/31 12:02:59,EKF,0.034894580879814556,0.7940778856958278,0.12379322708649301,2.5,0.01
2025/07/31 12:02:59,LMHE1,0.1610772677406795,1.1923050516109321,34.631558167293626,2.5,0.01
2025/07/31 12:02:59,LMHE2,0.04800954602289196,0.7988743565504136,33.803932669301666,2.5,0.01
2025/07/31 12:03:16,KF,0.1497748715834474,1.0781194421297207,0.04941474104140592,2.5,0.01
2025/07/31 12:03:16,EKF,0.03729031415375375,0.6829760483729508,0.12319322709788186,2.5,0.01
2025/07/31 12:03:16,LMHE1,0.14860090634639342,1.0761682436754678,34.13483705181458,2.5,0.01
2025/07/31 12:03:16,LMHE2,0.050665208042820334,0.6832114393547191,33.83482390443286,2.5,0.01
2025/07/31 12:03:33,KF,0.16522004699485274,1.0865730295515714,0.05338486058839719,2.5,0.01
2025/07/31 12:03:33,EKF,0.029335433888013043,0.7553423970713062,0.12976414343366302,2.5,0.01
2025/07/31 12:03:33,LMHE1,0.160669382372867,1.0796687942503813,33.732734661328095,2.5,0.01
2025/07/31 12:03:33,LMHE2,0.04070673796495154,0.7589420817205771,33.701576892447946,2.5,0.01
2025/07/31 12:03:50,KF,0.17659284971754638,1.100374763374806,0.05151912353402263,2.5,0.01
2025/07/31 12:03:50,EKF,0.03665488585139723,0.9127234292361035,0.12729043826048977,2.5,0.01
2025/07/31 12:03:50,LMHE1,0.17114351818452242,1.0987784663492528,33.9132920318618,2.5,0.01
2025/07/31 12:03:50,LMHE2,0.04255032257607609,0.9168971716597442,33.65372470122033,2.5,0.01
2025/07/31 12:04:07,KF,0.17836035035165348,1.0979861990748283,0.05482231077563715,2.5,0.01
2025/07/31 12:04:07,EKF,0.03200156146509456,0.8264679129357126,0.12252629485048086,2.5,0.01
2025/07/31 12:04:07,LMHE1,0.17354693032412835,1.3129356702801103,33.901780876491046,2.5,0.01
2025/07/31 12:04:07,LMHE2,0.041191676919241714,0.7133377898597373,34.82101713151827,2.5,0.01
2025/07/31 12:04:25,KF,0.1659855323390644,1.0779175022753116,0.056652191273155676,2.5,0.01
2025/07/31 12:04:25,EKF,0.04092557866616515,0.897704818096639,0.1363338645412197,2.5,0.01
2025/07/31 12:04:25,LMHE1,0.1688822517442026,1.2477441612142712,33.96283386451882,2.5,0.01
2025/07/31 12:04:25,LMHE2,0.06129343182636916,0.9020213180451193,34.304496414360656,2.5,0.01
2025/07/31 12:04:42,KF,0.1511202895294913,1.0722269105689999,0.0553442231000056,2.5,0.01
2025/07/31 12:04:42,EKF,0.028196740186379295,0.6781928727905188,0.12318366533006167,2.5,0.01
2025/07/31 12:04:42,LMHE1,0.14546750201507333,1.0559996082873944,33.79780159358991,2.5,0.01
2025/07/31 12:04:42,LMHE2,0.03716550271238781,0.6146835009787661,33.914690039865484,2.5,0.01
2025/07/31 12:04:59,KF,0.1494965879404255,1.0683060213311302,0.061905179316534165,2.5,0.01
2025/07/31 12:04:59,EKF,0.03334736858967153,0.8777573546150694,0.14858565732013004,2.5,0.01
2025/07/31 12:04:59,LMHE1,0.14691355625387092,1.0518788390940175,33.98793984063766,2.5,0.01
2025/07/31 12:04:59,LMHE2,0.04397491513018602,0.8820613181467393,33.83228326688494,2.5,0.01
2025/07/31 12:05:16,KF,0.14254820964273415,1.0603772045968962,0.05198446218623776,2.5,0.01
2025/07/31 12:05:16,EKF,0.031136836972318397,0.6840926407545397,0.13187211155297746,2.5,0.01
2025/07/31 12:05:16,LMHE1,0.14082364717887486,1.0402201397326705,34.18442350597746,2.5,0.01
2025/07/31 12:05:16,LMHE2,0.04073365117474214,0.6837846340044429,33.93101115538034,2.5,0.01
2025/07/31 12:05:33,KF,0.17219538670045664,1.0903841045858969,0.07076294820447752,2.5,0.01
2025/07/31 12:05:33,EKF,0.02814108325120875,0.6483334161064607,0.12182629485410523,2.5,0.01
2025/07/31 12:05:33,LMHE1,0.16813761175667316,1.0884142704567672,33.918999601619326,2.5,0.01
2025/07/31 12:05:33,LMHE2,0.03458468433304353,0.6515149569592579,33.77021752985239,2.5,0.01
2025/07/31 12:05:50,KF,0.15571064933739098,1.0755880484991698,0.05319043824660677,2.5,0.01
2025/07/31 12:05:50,EKF,0.03684785404060492,0.7521495496346066,0.12589163349596302,2.5,0.01
2025/07/31 12:05:50,LMHE1,0.15498270160028516,1.06583299416242,33.936384860604754,2.5,0.01
2025/07/31 12:05:50,LMHE2,0.0512933869920133,0.8276961652167577,33.77449521914345,2.5,0.01
2025/07/31 12:06:07,KF,0.140562827822856,1.0729510303427312,0.05563067731937297,2.5,0.01
2025/07/31 12:06:07,EKF,0.024930140346912145,0.4364992603368766,0.12714382469982458,2.5,0.01
2025/07/31 12:06:07,LMHE1,0.13587291156377268,1.056718563319502,33.96793346615755,2.5,0.01
2025/07/31 12:06:07,LMHE2,0.0324162040833184,0.41071798260336656,34.147276892442726,2.5,0.01
2025/07/31 12:06:24,KF,0.13470121908876354,1.0728281144185339,0.04895418324411301,2.5,0.01
2025/07/31 12:06:24,EKF,0.02867245206337353,0.572402874075479,0.12582231078072417,2.5,0.01
2025/07/31 12:06:24,LMHE1,0.13372870657864813,1.0615109636063633,34.36969402392276,2.5,0.01
2025/07/31 12:06:24,LMHE2,0.04071310570318204,0.608138887991716,33.83448844620414,2.5,0.01
2025/07/31 12:06:42,KF,0.15624195415345826,1.0720040212787536,0.0489398406213706,2.5,0.01
2025/07/31 12:06:42,EKF,0.03443316997111676,0.9415144400158936,0.1257992032089779,2.5,0.01
2025/07/31 12:06:42,LMHE1,0.15414674778308332,1.0906225827875944,34.14997768923928,2.5,0.01
2025/07/31 12:06:42,LMHE2,0.044437877368894846,0.9459994963879794,34.00938406371441,2.5,0.01
2025/07/31 12:06:59,KF,0.16306751289065124,1.0841709921332667,0.0558075697051799,2.5,0.01
2025/07/31 12:06:59,EKF,0.028958575905591855,0.7754164427882566,0.1263852589842548,2.5,0.01
2025/07/31 12:06:59,LMHE1,0.15956865215782234,1.0727495132987455,34.27498565739312,2.5,0.01
2025/07/31 12:06:59,LMHE2,0.035881779027032386,0.6217313341584858,33.868975697230894,2.5,0.01
2025/07/31 12:07:16,KF,0.15619975102931136,1.0771454548908108,0.04992828682617867,2.5,0.01
2025/07/31 12:07:16,EKF,0.031106705614885804,0.6285375182085776,0.13081354581411422,2.5,0.01
2025/07/31 12:07:16,LMHE1,0.1538458705692315,1.075143034223505,34.518006374476016,2.5,0.01
2025/07/31 12:07:16,LMHE2,0.04338419856943555,0.5962673164706739,34.6199346613394,2.5,0.01
2025/07/31 12:07:33,KF,0.155225006402284,1.0651819332880916,0.050328685266644774,2.5,0.01
2025/07/31 12:07:33,EKF,0.03608878028082384,0.8083799108852066,0.13219840636530675,2.5,0.01
2025/07/31 12:07:33,LMHE1,0.15600037968915914,1.2256184649915132,34.13080039836023,2.5,0.01
2025/07/31 12:07:33,LMHE2,0.050683151275872675,0.8624796635605406,34.096267729124754,2.5,0.01
2025/07/31 12:07:50,KF,0.13213199102421225,1.0788610310394957,0.05173585657076724,2.5,0.01
2025/07/31 12:07:50,EKF,0.025512320845143426,0.5025631023405341,0.1280932270725113,2.5,0.01
2025/07/31 12:07:50,LMHE1,0.1288186982175655,1.0700740522947036,34.15418247013043,2.5,0.01
2025/07/31 12:07:50,LMHE2,0.033608637762189884,0.5050616228793289,34.021255776874696,2.5,0.01
2025/07/31 12:08:07,KF,0.15298039035466193,1.078456565314165,0.05156374503988253,2.5,0.01
2025/07/31 12:08:07,EKF,0.027643923238307142,0.6784349066426744,0.12595936257356918,2.5,0.01
2025/07/31 12:08:07,LMHE1,0.1489383485256947,1.0694362593757787,33.75188605582751,2.5,0.01
2025/07/31 12:08:07,LMHE2,0.03658048115563219,0.6783243228458523,33.770144621510454,2.5,0.01
2025/07/31 12:08:25,KF,0.15378986555727586,1.0771518325337381,0.050478486044599535,2.5,0.01
2025/07/31 12:08:25,EKF,0.028474958231944302,0.6005457188033235,0.12372470119007051,2.5,0.01
2025/07/31 12:08:25,LMHE1,0.15008339853435917,1.0608528994764659,34.122822310778304,2.5,0.01
2025/07/31 12:08:25,LMHE2,0.03860023130010102,0.6007444230360451,33.714988047792296,2.5,0.01
2025/07/31 12:08:42,KF,0.1646999134368273,1.0864463721997106,0.05597091634503651,2.5,0.01
2025/07/31 12:08:42,EKF,0.030570017795443334,0.627086541650492,0.12539243027595692,2.5,0.01
2025/07/31 12:08:42,LMHE1,0.16082689628281163,1.084139809951111,33.92395298804882,2.5,0.01
2025/07/31 12:08:42,LMHE2,0.04098746147718663,0.6272399970220653,33.96940876494869,2.5,0.01
2025/07/31 12:08:59,KF,0.14717991259902596,1.0783628296202734,0.05354820717027804,2.5,0.01
2025/07/31 12:08:59,EKF,0.025878850217310623,0.9076746860363962,0.12755856570505733,2.5,0.01
2025/07/31 12:08:59,LMHE1,0.1433449193124295,1.0653946804036631,33.987257768948695,2.5,0.01
2025/07/31 12:08:59,LMHE2,0.030163554742438304,0.9080478198606392,33.81866892430777,2.5,0.01
2025/08/05 16:50:37,EKF,0.04880524359619583,0.611713026999988,0.11695139444028714,2.5,0.01
2025/08/05 16:50:37,LMHE2,0.048871277318886325,0.6120612372801826,33.8117792832283,2.5,0.01
2025/08/05 16:50:45,EKF,0.05729470824302447,1.160075438543094,0.11610398412240573,2.5,0.01
2025/08/05 16:50:45,LMHE2,0.05698451808876619,1.15892319071396,33.58328725077746,2.5,0.01
2025/08/05 16:50:54,EKF,0.049063241008331905,0.7831646233803771,0.11692629464757276,2.5,0.01
2025/08/05 16:50:54,LMHE2,0.04906517009331833,0.78426257714147,33.69718924279796,2.5,0.01
2025/08/05 16:51:02,EKF,0.047262618930116004,0.6299431999780986,0.11653944235888729,2.5,0.01
2025/08/05 16:51:02,LMHE2,0.04728651866381531,0.6284227935947568,34.67142788843582,2.5,0.01
2025/08/05 16:51:11,EKF,0.04886288167163205,0.8463633659364938,0.11670478087185744,2.5,0.01
2025/08/05 16:51:11,LMHE2,0.04895802628554701,0.8462054146767581,34.47878087659281,2.5,0.01
2025/08/05 16:51:20,EKF,0.047199866407797504,0.4858309354491993,0.11618047826496729,2.5,0.01
2025/08/05 16:51:20,LMHE2,0.04721505780486176,0.48705774996430595,34.69946812717726,2.5,0.01
2025/08/05 16:51:28,EKF,0.04837707886568248,0.8629375319839692,0.11700597606539964,2.5,0.01
2025/08/05 16:51:28,LMHE2,0.04844944983327738,0.8630659501957806,34.29435896436755,2.5,0.01
2025/08/05 16:51:37,EKF,0.05053958157956403,0.9573613717033553,0.11757689257304507,2.5,0.01
2025/08/05 16:51:37,LMHE2,0.05061558036003411,0.9525735894999973,34.36825737038041,2.5,0.01
2025/08/05 16:51:46,EKF,0.04993153761714972,0.5435729404106427,0.11714422320242066,2.5,0.01
2025/08/05 16:51:46,LMHE2,0.049895001381469246,0.5435148742638813,34.48169920324493,2.5,0.01
2025/08/05 16:51:54,EKF,0.054455042260454625,0.673092123439132,0.11690517894894004,2.5,0.01
2025/08/05 16:51:54,LMHE2,0.05439170932749388,0.6745729111161312,33.880728685141236,2.5,0.01
2025/08/05 16:52:03,EKF,0.05143498592278534,0.7629701683897165,0.11649282892193809,2.5,0.01
2025/08/05 16:52:03,LMHE2,0.05162556828759959,0.7641585731298565,34.31253386448059,2.5,0.01
2025/08/05 16:52:12,EKF,0.05400990547090904,0.93774370441168,0.11903147419090884,2.5,0.01
2025/08/05 16:52:12,LMHE2,0.05389131030627095,0.9379302009134116,33.92705657385824,2.5,0.01
2025/08/05 16:52:20,EKF,0.05501385424921317,0.7844378760715478,0.11680000025660274,2.5,0.01
2025/08/05 16:52:20,LMHE2,0.055026687170183185,0.7875750229893872,34.18156613532706,2.5,0.01
2025/08/05 16:52:29,EKF,0.056293566342607,0.7612467509439912,0.11633466131450883,2.5,0.01
2025/08/05 16:52:29,LMHE2,0.05635165121179049,0.7640232682533474,34.6517884464697,2.5,0.01
2025/08/05 16:52:37,EKF,0.05001246182788067,0.5502493565238172,0.11690119485485839,2.5,0.01
2025/08/05 16:52:37,LMHE2,0.050038094208065334,0.5497936582162927,33.82846055806529,2.5,0.01
2025/08/05 16:52:46,EKF,0.05203517379330951,0.7568835666500185,0.11578844665397567,2.5,0.01
2025/08/05 16:52:46,LMHE2,0.05210385688312524,0.7602147400124696,33.88076374470535,2.5,0.01
2025/08/05 16:52:55,EKF,0.051614180776784944,0.8631097732986481,0.11637290861769264,2.5,0.01
2025/08/05 16:52:55,LMHE2,0.05162497951660617,0.8621705737023578,33.95897370533075,2.5,0.01
2025/08/05 16:53:03,EKF,0.05574174445966659,1.5513905889847794,0.11578804778076145,2.5,0.01
2025/08/05 16:53:03,LMHE2,0.055819086379811936,1.5521841223987178,34.056545418420015,2.5,0.01
2025/08/05 16:53:12,EKF,0.04856606010322263,0.49802494479996195,0.11681115525622529,2.5,0.01
2025/08/05 16:53:12,LMHE2,0.0485710618194035,0.4981687147068591,33.84463625507377,2.5,0.01
2025/08/05 16:53:20,EKF,0.047916814396521304,0.4818608742646818,0.11713027933694095,2.5,0.01
2025/08/05 16:53:20,LMHE2,0.04804028007148795,0.4796862407299751,34.202970916394186,2.5,0.01
2025/08/05 16:53:29,EKF,0.050788058580173774,0.4865733759473897,0.1158382473661902,2.5,0.01
2025/08/05 16:53:29,LMHE2,0.050732510425908525,0.4859904924061447,34.1085653387537,2.5,0.01
2025/08/05 16:53:37,EKF,0.05606358014037078,0.5996244531156035,0.11745896431584045,2.5,0.01
2025/08/05 16:53:37,LMHE2,0.05601749460024926,0.5994862958179022,33.830558167366064,2.5,0.01
2025/08/05 16:53:46,EKF,0.05148785285131794,0.6537986248145202,0.11751713162562642,2.5,0.01
2025/08/05 16:53:46,LMHE2,0.05139188381308331,0.6511332585542453,34.0536270917679,2.5,0.01
2025/08/05 16:53:55,EKF,0.06062130000797573,0.9811538163604328,0.11652709166723418,2.5,0.01
2025/08/05 16:53:55,LMHE2,0.0605572786049654,0.9845391028119944,33.793310757236654,2.5,0.01
2025/08/05 16:54:03,EKF,0.05381440106826521,1.1143634813169434,0.11668007948855123,2.5,0.01
2025/08/05 16:54:03,LMHE2,0.05405485124340774,1.1116798243062374,34.37814103584158,2.5,0.01
2025/08/05 16:54:12,EKF,0.05541586890819985,0.8264195533842685,0.11666135471017355,2.5,0.01
2025/08/05 16:54:12,LMHE2,0.0556824001749601,0.8258831859206252,33.70839163319642,2.5,0.01
2025/08/05 16:54:20,EKF,0.05446070029236437,1.0566148173631076,0.12133984067718465,2.5,0.01
2025/08/05 16:54:20,LMHE2,0.054585042418582905,1.0521458097564445,34.344009561575504,2.5,0.01
2025/08/05 16:54:29,EKF,0.057694715749984096,0.626315494342996,0.11621832669493687,2.5,0.01
2025/08/05 16:54:29,LMHE2,0.057698681004292596,0.6240131783909766,33.789072111545806,2.5,0.01
2025/08/05 16:54:38,EKF,0.0489579014188754,0.9135365497111008,0.11709880452988988,2.5,0.01
2025/08/05 16:54:38,LMHE2,0.049049685684667846,0.9151637352921075,34.16526055777913,2.5,0.01
2025/08/05 16:54:46,EKF,0.05730911336603242,0.9537540713447435,0.11726055782199263,2.5,0.01
2025/08/05 16:54:46,LMHE2,0.057498220287159764,0.9531763963972486,33.97616613572797,2.5,0.01
2025/08/05 16:54:55,EKF,0.05236314212749245,0.5812896418147646,0.11887609544933674,2.5,0.01
2025/08/05 16:54:55,LMHE2,0.05219268544997138,0.5807333153753593,34.041087251189964,2.5,0.01
2025/08/05 16:55:03,EKF,0.05015570973880178,0.9666994161176262,0.1169940237831547,2.5,0.01
2025/08/05 16:55:03,LMHE2,0.05027921067359243,0.9667056823692104,33.91834820687504,2.5,0.01
2025/08/05 16:55:12,EKF,0.056256781367847626,0.7038071495777576,0.1164031872689071,2.5,0.01
2025/08/05 16:55:12,LMHE2,0.05628407047081259,0.6978564488251143,34.046445418505435,2.5,0.01
2025/08/05 16:55:20,EKF,0.05268960199533321,0.7631329560371527,0.11680398388687833,2.5,0.01
2025/08/05 16:55:20,LMHE2,0.05263510531583124,0.7625708276530498,33.67143705166298,2.5,0.01
2025/08/05 16:55:29,EKF,0.046546971983184325,0.6195659578778009,0.1171494025247268,2.5,0.01
2025/08/05 16:55:29,LMHE2,0.046579660642037245,0.6194853450241684,34.00768486057516,2.5,0.01
2025/08/05 16:55:37,EKF,0.051513007445545725,0.6530265080924513,0.11710398385219603,2.5,0.01
2025/08/05 16:55:37,LMHE2,0.0515374265048461,0.6527775485937783,33.63155737051748,2.5,0.01
2025/08/05 16:55:46,EKF,0.04618872450608757,0.4377245289283071,0.11743505975135056,2.5,0.01
2025/08/05 16:55:46,LMHE2,0.04640589871178952,0.4375184557638603,33.8632219125038,2.5,0.01
2025/08/05 16:55:54,EKF,0.05252298048066575,0.7092518537576072,0.11796135440528155,2.5,0.01
2025/08/05 16:55:54,LMHE2,0.052594276402192004,0.7100614782436587,33.670775299201686,2.5,0.01
2025/08/05 16:56:03,EKF,0.05470272996665241,1.2250402386765713,0.11632828722778425,2.5,0.01
2025/08/05 16:56:03,LMHE2,0.054648901644698926,1.2183547636281022,34.270983266800016,2.5,0.01
2025/08/05 16:56:12,EKF,0.05372997075870215,0.7847362802543792,0.11781314749686247,2.5,0.01
2025/08/05 16:56:12,LMHE2,0.053665192926183644,0.7859719122789918,34.21221992030621,2.5,0.01
2025/08/05 16:56:20,EKF,0.058816677605162994,1.3989822248337576,0.1170278885828487,2.5,0.01
2025/08/05 16:56:20,LMHE2,0.0587716509878193,1.400878821393785,34.08754581680143,2.5,0.01
2025/08/05 16:56:29,EKF,0.051353110885592676,0.9334345147502049,0.1164155379605602,2.5,0.01
2025/08/05 16:56:29,LMHE2,0.05141602452495147,0.9314626012090376,34.0026709162055,2.5,0.01
2025/08/05 16:56:37,EKF,0.052151680181076854,0.7628145780060627,0.11672788815372494,2.5,0.01
2025/08/05 16:56:37,LMHE2,0.05232528955175307,0.764682488986273,34.00463346610833,2.5,0.01
2025/08/05 16:56:46,EKF,0.05834248794945518,1.0017110892020065,0.11707928293269587,2.5,0.01
2025/08/05 16:56:46,LMHE2,0.058313574917823505,1.0017817019924635,33.81810637480353,2.5,0.01
2025/08/05 16:56:55,EKF,0.04575607659658358,0.6910067783133771,0.11736733061576864,2.5,0.01
2025/08/05 16:56:55,LMHE2,0.04581087422626282,0.6908384894331929,34.12966772893525,2.5,0.01
2025/08/05 16:57:03,EKF,0.0478326494619334,0.8143440109409458,0.11661513968263251,2.5,0.01
2025/08/05 16:57:03,LMHE2,0.047955598137328935,0.8155046474172807,34.28049043815331,2.5,0.01
2025/08/05 16:57:12,EKF,0.05401662665424954,0.9589825003693327,0.11736812743458497,2.5,0.01
2025/08/05 16:57:12,LMHE2,0.05407765305734123,0.9587730268181924,33.96637928282538,2.5,0.01
2025/08/05 16:57:20,EKF,0.04538265310233632,0.44612737515379797,0.11690916350682774,2.5,0.01
2025/08/05 16:57:20,LMHE2,0.045324269904844026,0.44568904481562954,33.81153904374659,2.5,0.01
2025/08/05 16:57:29,EKF,0.054045513830998024,0.9748097174248208,0.11733266946106437,2.5,0.01
2025/08/05 16:57:29,LMHE2,0.05405725495848359,0.9740778160886886,34.12457848611507,2.5,0.01
2025/08/05 16:57:38,EKF,0.061917742103665865,1.1048396969771357,0.118367330809365,2.5,0.01
2025/08/05 16:57:38,LMHE2,0.061917322057897066,1.1079602598015623,37.12609322719365,2.5,0.01
2025/08/05 16:57:47,EKF,0.05455891458776246,0.9734451186341633,0.12663864545464754,2.5,0.01
2025/08/05 16:57:47,LMHE2,0.054705918600873704,0.9837873419521048,35.23531713174189,2.5,0.01
2025/08/05 16:57:56,EKF,0.04706250438055525,0.517803556590124,0.12025298769641445,2.5,0.01
2025/08/05 16:57:56,LMHE2,0.04710163824412645,0.5179541849810139,34.41919681321147,2.5,0.01
2025/08/05 16:58:05,EKF,0.04867537581899399,0.5535564028155631,0.128589641484636,2.5,0.01
2025/08/05 16:58:05,LMHE2,0.048814877517443594,0.5558169563597267,35.13429123505698,2.5,0.01
2025/08/05 16:58:14,EKF,0.046686798537744156,0.5491883533463514,0.12484063724597612,2.5,0.01
2025/08/05 16:58:14,LMHE2,0.04667277491557698,0.5510018782165432,35.65831513949243,2.5,0.01
2025/08/05 16:58:22,EKF,0.045086588880585636,0.5526972527033744,0.12345458158251062,2.5,0.01
2025/08/05 16:58:22,LMHE2,0.04526179570058709,0.5504923975926227,34.70840637453375,2.5,0.01
2025/08/05 16:58:31,EKF,0.05491355430849736,0.7392314356813378,0.12653426311732052,2.5,0.01
2025/08/05 16:58:31,LMHE2,0.05502682418275921,0.7475781030814984,34.60632669331276,2.5,0.01
2025/08/05 16:58:40,EKF,0.05144734761055627,0.511568612672957,0.12458326708733204,2.5,0.01
2025/08/05 16:58:40,LMHE2,0.051535161106478086,0.5123676869926179,34.56918884484298,2.5,0.01
2025/08/05 16:58:49,EKF,0.054256261627863754,0.7226687085305346,0.12643904373257522,2.5,0.01
2025/08/05 16:58:49,LMHE2,0.054197546673799786,0.7230736064769878,35.28560717141189,2.5,0.01
2025/08/05 16:58:58,EKF,0.04860407455437999,0.9664731428459826,0.12680318761260742,2.5,0.01
2025/08/05 16:58:58,LMHE2,0.04863453876381654,0.9664486779832379,34.675832668994644,2.5,0.01
2025/08/05 16:59:06,EKF,0.05213116180084362,0.7053994940406059,0.12279681275149741,2.5,0.01
2025/08/05 16:59:06,LMHE2,0.05228004069498734,0.7034558942515091,34.68935258975957,2.5,0.01
2025/08/05 16:59:15,EKF,0.04754454605156327,0.6554016084833489,0.1251438249503652,2.5,0.01
2025/08/05 16:59:15,LMHE2,0.04769337207835639,0.654606785399492,34.67021235060763,2.5,0.01
2025/08/05 16:59:24,EKF,0.045590490574434636,0.6831016824422516,0.1243737051300556,2.5,0.01
2025/08/05 16:59:24,LMHE2,0.045645131007539,0.6774310260269014,34.63290478065758,2.5,0.01
2025/08/05 16:59:33,EKF,0.055894133381134276,0.37781780674615173,0.12442509947990278,2.5,0.01
2025/08/05 16:59:33,LMHE2,0.055896837930952105,0.37622674803164435,34.59525776913842,2.5,0.01
2025/08/05 16:59:41,EKF,0.04909535474578216,0.7004422805562861,0.12700119523324102,2.5,0.01
2025/08/05 16:59:41,LMHE2,0.04919867977862868,0.6999068093296186,34.7195199205618,2.5,0.01
2025/08/05 16:59:50,EKF,0.0532279849273299,0.9412452902487702,0.12373585676945063,2.5,0.01
2025/08/05 16:59:50,LMHE2,0.05332643159480234,0.9388570740074841,34.759033466244034,2.5,0.01
2025/08/05 16:59:59,EKF,0.05287498962601104,0.9144306252968988,0.13256374518368466,2.5,0.01
2025/08/05 16:59:59,LMHE2,0.05271405048879804,0.9157857932133435,34.33668884482101,2.5,0.01
2025/08/05 17:00:08,EKF,0.047501004780973397,0.6067154121751823,0.13562948192540275,2.5,0.01
2025/08/05 17:00:08,LMHE2,0.04762340995559819,0.6110775585246219,34.88414701207938,2.5,0.01
2025/08/05 17:00:16,EKF,0.05126262016386048,0.5555674064634649,0.12401872513021725,2.5,0.01
2025/08/05 17:00:16,LMHE2,0.05123432907360294,0.5581039953650652,34.2655641433089,2.5,0.01
2025/08/05 17:00:25,EKF,0.05021364554473689,0.6578699430558563,0.12507888421683436,2.5,0.01
2025/08/05 17:00:25,LMHE2,0.05032596884192556,0.6577474330455463,34.64992908367598,2.5,0.01
2025/08/05 17:00:34,EKF,0.053607683604959724,1.0480103088606405,0.130311553960154,2.5,0.01
2025/08/05 17:00:34,LMHE2,0.05357447423711236,1.048199669647882,34.659711952020686,2.5,0.01
2025/08/05 17:00:42,EKF,0.04939846855473801,0.7128499483581874,0.12619721154084956,2.5,0.01
2025/08/05 17:00:42,LMHE2,0.049370144345009144,0.7108714240656058,34.76895537854458,2.5,0.01
2025/08/05 17:00:51,EKF,0.05037230809256924,0.9878473974155056,0.12104183275890777,2.5,0.01
2025/08/05 17:00:51,LMHE2,0.05029752342012787,0.9878228831551915,34.83494462174516,2.5,0.01
2025/08/05 17:01:00,EKF,0.05323870415171416,0.7768996832516124,0.1257314741893475,2.5,0.01
2025/08/05 17:01:00,LMHE2,0.05336933735935606,0.7765469461721752,34.52477848576567,2.5,0.01
2025/08/05 17:01:09,EKF,0.050378062759557335,0.5981192102797408,0.13245498034286785,2.5,0.01
2025/08/05 17:01:09,LMHE2,0.05040899147676701,0.5972227362806249,35.511432669637536,2.5,0.01
2025/08/05 17:01:18,EKF,0.049844075213573286,0.5967693170608322,0.1255948206899591,2.5,0.01
2025/08/05 17:01:18,LMHE2,0.04985505024131693,0.5927115801906968,36.599152191334305,2.5,0.01
2025/08/05 17:01:27,EKF,0.05854052283448019,0.7948212281232782,0.12575537875383735,2.5,0.01
2025/08/05 17:01:27,LMHE2,0.05858369717858684,0.797223298944817,34.56216494031473,2.5,0.01
2025/08/05 17:01:36,EKF,0.04967652359844346,0.754354097409881,0.12514223131273253,2.5,0.01
2025/08/05 17:01:36,LMHE2,0.0497454741182922,0.7542420799748081,34.644296015724095,2.5,0.01
2025/08/05 17:01:44,EKF,0.05676223644631939,0.9081627718105411,0.1230900397568763,2.5,0.01
2025/08/05 17:01:44,LMHE2,0.05683622952286162,0.9109761099893414,34.55669203201732,2.5,0.01
2025/08/05 17:01:53,EKF,0.0508582021556172,0.5978005790549509,0.12233107539999533,2.5,0.01
2025/08/05 17:01:53,LMHE2,0.05080920595920836,0.6003253689213511,34.656996414365906,2.5,0.01
2025/08/05 17:02:02,EKF,0.04697402599190584,0.5605198735835258,0.12613545808258403,2.5,0.01
2025/08/05 17:02:02,LMHE2,0.04714169261555605,0.5606931713374219,35.15181195248749,2.5,0.01
2025/08/05 17:02:11,EKF,0.056678441755841705,0.6337558265942168,0.13159840614479257,2.5,0.01
2025/08/05 17:02:11,LMHE2,0.05654549410401578,0.6359341302224907,35.05041832670169,2.5,0.01
2025/08/05 17:02:19,EKF,0.054490588506494214,0.7262175442812914,0.1261007964640737,2.5,0.01
2025/08/05 17:02:19,LMHE2,0.054381627777718024,0.7259996454250063,34.43149282908683,2.5,0.01
2025/08/05 17:02:28,EKF,0.05101925737571543,0.6835662036996515,0.12357171302089891,2.5,0.01
2025/08/05 17:02:28,LMHE2,0.050994673558456896,0.688630887073914,34.82355896441036,2.5,0.01
2025/08/05 17:02:37,EKF,0.050845892997997744,0.5848443223497899,0.12750199214885552,2.5,0.01
2025/08/05 17:02:37,LMHE2,0.05087471761710588,0.5827297768609281,34.4869103588802,2.5,0.01
2025/08/05 17:02:46,EKF,0.04943046996077302,0.7125676125939779,0.1238661352545023,2.5,0.01
2025/08/05 17:02:46,LMHE2,0.04943527011445802,0.7123992888751081,34.438221912044455,2.5,0.01
2025/08/05 17:02:54,EKF,0.053121762313953394,0.8077591543990936,0.1276896415886829,2.5,0.01
2025/08/05 17:02:54,LMHE2,0.05313912664183863,0.807186097127518,34.60577370522848,2.5,0.01
2025/08/05 17:03:03,EKF,0.051583674611245224,0.9138102274656893,0.12462629483960777,2.5,0.01
2025/08/05 17:03:03,LMHE2,0.05161174599797667,0.9121955543733884,34.72944701218466,2.5,0.01
2025/08/05 17:03:12,EKF,0.06596481061981009,0.5828551076532675,0.12526015910613109,2.5,0.01
2025/08/05 17:03:12,LMHE2,0.06586225928270169,0.5831713871627029,34.44171115566802,2.5,0.01
2025/08/05 17:03:20,EKF,0.04948781099795188,0.6095580254094862,0.1238932270942575,2.5,0.01
2025/08/05 17:03:20,LMHE2,0.049676838387777734,0.609719141889843,34.54965298793156,2.5,0.01
2025/08/05 17:03:30,EKF,0.054785065995821454,0.8741402053452101,0.12178764914151326,2.5,0.01
2025/08/05 17:03:30,LMHE2,0.054706238190479005,0.8758559118058565,35.77751195219631,2.5,0.01
2025/08/05 17:03:38,EKF,0.054316304126466645,0.9212041814229233,0.117753784958852,2.5,0.01
2025/08/05 17:03:38,LMHE2,0.05428617857419418,0.921461448685009,33.934266932134285,2.5,0.01
2025/08/05 17:03:47,EKF,0.04940725454632927,0.7709231690821449,0.11906294807034778,2.5,0.01
2025/08/05 17:03:47,LMHE2,0.049512530429453,0.7719991673622268,34.05471713109632,2.5,0.01
2025/08/05 17:03:55,EKF,0.0423599187398182,0.3404286333158465,0.11681513935030693,2.5,0.01
2025/08/05 17:03:55,LMHE2,0.042478673213305555,0.34063684326834015,34.10899521879466,2.5,0.01
2025/08/05 17:04:04,EKF,0.059543752564921455,1.3898716436440803,0.11739123518025851,2.5,0.01
2025/08/05 17:04:04,LMHE2,0.05984012643670072,1.394395252372503,34.121902390064086,2.5,0.01
2025/08/05 17:04:13,EKF,0.06141969110653383,1.0614447459655736,0.11757330688837159,2.5,0.01
2025/08/05 17:04:13,LMHE2,0.061641296722317815,1.058755836415459,34.44870079698716,2.5,0.01
2025/08/05 17:04:21,EKF,0.059316647178236696,1.0784452170443823,0.12065856569108972,2.5,0.01
2025/08/05 17:04:21,LMHE2,0.05921775218253617,1.0828955601633896,34.13008446192955,2.5,0.01
2025/08/05 17:04:30,EKF,0.04927492715868003,0.5486837435809327,0.11820278911521116,2.5,0.01
2025/08/05 17:04:30,LMHE2,0.04928279627095938,0.5492005025679717,34.016191234916036,2.5,0.01
2025/08/05 17:04:38,EKF,0.051913445392509854,1.010727478276086,0.11739402404611567,2.5,0.01
2025/08/05 17:04:38,LMHE2,0.05207948721203575,1.0031284653720725,34.09621434238001,2.5,0.01
2025/08/05 17:04:47,EKF,0.06112351960086174,1.4590276032639546,0.11747250977191198,2.5,0.01
2025/08/05 17:04:47,LMHE2,0.0610371919247849,1.4540581825236318,35.41151314706679,2.5,0.01
2025/08/05 17:04:56,EKF,0.04938776509255511,0.9039757280626151,0.11816414340261919,2.5,0.01
2025/08/05 17:04:56,LMHE2,0.049571698813015284,0.902155949427076,35.26268326686658,2.5,0.01
